breed,difficulty_score
n02101006-Gordon_setter,0.15363930941616408
n02105162-malinois,0.1672746063943679
n02105641-Old_English_sheepdog,0.17163038060747265
n02105251-briard,0.17551615390631847
n02113978-Mexican_hairless,0.18905530880753246
