breed,difficulty_score
n02105412-kelpie,0.31884242996337814
n02091134-whippet,0.3251759533167895
n02088094-Afghan_hound,0.3351384400952998
n02097209-standard_schnauzer,0.34414730425270196
n02093859-Kerry_blue_terrier,0.38567307884780855
